CategoryCode,FieldCode
11,1
12,1
13,1
14,1
15,1
16,1
17,1
18,1
19,1
20,1
21,1
22,8
23,8
24,8
25,8
26,8
27,9
28,9
29,9
30,9
31,9
32,10
33,10
34,10
35,10
36,10
37,10
38,10
39,10
40,10
41,11
42,11
43,11
44,11
45,11
46,11
47,11
48,11
49,12
50,12
77,2
78,2
79,2
80,2
81,2
82,2
83,2
84,2
85,2
86,2
87,2
88,2
89,3
90,3
91,3
92,3
93,3
106,4
107,4
108,4
109,4
110,4
111,4
112,4
113,4
114,4
115,4
116,4
117,4
118,4
119,4
120,4
121,4
122,4
123,4
124,4
125,4
126,4
127,4
128,4
129,4
130,4
131,4
132,4
133,4
134,4
135,4
136,4
137,4
138,4
139,4
140,4
141,4
142,4
143,4
144,4
145,4
146,4
147,4
148,4
149,4
150,4
151,4
152,4
153,4
154,4
155,4
156,4
157,4
158,4
159,4
160,4
161,4
162,4
163,4
164,4
165,4
166,4
167,4
168,4
169,4
170,4
171,4
172,4
173,4
174,4
175,4
176,4
177,4
178,4
179,4
180,4
181,4
182,4
183,4
184,4
185,4
186,4
187,4
190,5
191,5
192,5
193,5
194,5
195,5
196,5
197,5
198,5
199,5
200,5
201,5
202,5
203,5
204,5
205,5
206,5
207,5
208,5
209,5
210,5
211,5
212,5
213,5
214,5
215,5
216,5
217,5
218,5
219,5
220,5
221,5
222,5
223,5
224,5
225,5
226,5
227,5
228,5
229,5
230,6
231,6
232,6
233,6
234,6
235,6
236,6
237,6
238,6
239,6
240,6
241,6
242,6
243,6
244,6
245,6
246,7
247,6
248,7
249,6
250,6
263,23
264,15
265,15
266,24
267,25
272,23
276,27
277,13
278,13
279,13
280,13
281,13
282,13
283,13
284,13
285,13
286,13
287,13
288,14
289,15
290,15
291,15
292,16
293,16
294,16
295,16
296,17
297,17
300,18
301,18
302,18
303,18
304,18
305,18
306,13
307,19
308,20
309,20
310,20
311,20
312,13
313,13
314,13
315,15
316,15
317,15
318,15
319,21
320,22
321,15
322,15
323,15
324,15
325,13
326,13
327,15
328,15
329,15
330,15
331,16
332,16
333,16
334,16
335,13
337,13
339,26
340,26
341,26
342,26
343,26
344,26
345,26
346,26
347,26
348,16
349,16
350,15
351,13
352,13
354,28
356,28
360,31
363,28
365,28
366,29
367,30
368,31
369,31
370,31
371,32
372,32
373,32
374,32
375,33
376,33
377,33
378,30
379,30
380,34
381,31
382,31
383,31
384,31
386,31
388,31
389,35
390,35
391,35
392,35
393,35
394,35
395,35
396,35
397,35
414,72
415,72
416,72
417,72
418,72
419,72
420,72
422,73
424,73
434,73
435,74
436,73
437,73
438,73
439,73
440,73
441,73
442,73
443,74
444,73
445,73
446,73
447,73
448,73
449,73
450,73
451,74
452,73
453,73
454,73
455,73
456,73
457,73
458,73
459,74
460,73
461,73
462,73
463,73
464,73
465,73
466,73
467,74
468,73
469,73
470,73
471,73
472,73
473,73
474,73
475,74
476,73
477,73
478,73
479,73
480,73
481,73
482,73
483,74
484,73
485,73
486,73
487,73
488,73
489,73
494,72
495,72
496,72
497,72
498,73
499,73
501,72
502,72
503,72
504,72
505,73
506,73
508,72
509,72
510,72
511,72
512,73
513,73
520,72
521,72
522,72
523,72
524,73
525,73
527,72
528,72
529,72
530,72
531,73
532,73
534,72
535,72
536,72
537,72
538,73
539,73
541,72
542,72
543,72
544,72
545,73
546,73
548,75
549,75
550,75
551,75
552,36
553,36
554,36
555,36
556,36
557,36
558,36
559,36
560,36
561,36
562,36
563,36
564,36
565,36
566,36
567,36
568,36
569,36
570,36
571,36
572,36
573,36
574,36
575,36
576,36
577,36
578,36
579,36
580,36
581,76
582,76
583,76
584,76
585,36
586,36
587,36
588,36
589,36
590,36
591,36
592,36
593,36
594,36
595,36
596,36
597,36
600,36
601,36
603,36
604,36
605,36
606,36
607,36
608,36
609,36
610,36
611,36
612,36
613,36
614,36
615,36
625,37
626,37
627,37
628,37
629,37
630,37
631,37
632,38
633,38
634,38
635,38
636,38
637,39
638,39
639,39
640,40
641,40
642,40
643,41
644,41
645,41
646,42
647,42
648,42
649,43
650,43
651,43
652,43
653,43
654,44
655,44
720,45
721,45
722,45
723,45
724,45
725,45
726,45
727,45
728,45
729,45
730,45
731,45
732,45
733,45
734,45
735,45
736,45
737,45
738,45
739,45
740,45
741,45
742,45
743,45
744,45
745,45
746,45
747,45
748,45
749,45
750,45
751,45
752,45
753,45
754,45
755,45
756,45
757,45
758,45
759,45
760,45
761,45
762,45
763,45
764,45
765,45
766,45
767,45
768,45
769,45
770,45
771,45
772,45
773,45
774,45
775,45
776,46
778,47
780,46
782,47
784,46
786,47
788,46
790,47
792,46
794,47
796,46
798,47
800,46
802,47
804,48
805,48
806,49
807,48
808,48
809,48
810,49
811,48
812,48
813,48
814,49
815,48
816,48
817,48
818,49
819,48
820,48
821,48
822,49
823,48
824,48
825,48
826,49
827,48
828,48
829,48
830,49
831,48
832,50
833,50
834,50
835,50
836,50
837,50
838,50
839,50
840,50
841,50
842,50
843,50
844,50
845,50
846,50
847,50
848,50
849,50
850,50
851,50
852,50
853,50
854,50
855,50
856,50
857,50
858,50
859,50
860,50
861,50
862,50
863,50
864,50
865,50
866,50
869,53
873,53
877,53
881,53
885,53
889,53
893,53
895,51
896,51
897,51
898,51
899,51
900,51
901,51
902,51
903,51
904,51
905,51
906,51
907,51
908,51
909,51
910,51
911,51
912,51
913,51
914,51
915,51
916,51
917,51
918,51
919,51
920,51
921,51
922,51
923,51
924,51
925,51
926,51
927,51
928,51
929,51
930,51
931,51
932,51
933,51
934,51
935,51
936,51
937,51
938,51
939,51
940,51
941,51
942,51
943,51
944,48
945,48
946,52
948,48
949,48
950,52
952,48
953,48
954,52
956,48
957,48
958,52
960,48
962,52
964,48
965,48
966,52
968,48
969,48
970,52
973,55
978,59
981,54
982,54
983,54
984,54
985,56
986,56
987,56
988,56
989,56
990,56
991,57
992,57
993,57
994,57
995,58
996,58
997,58
999,61
1000,62
1004,64
1007,60
1008,60
1009,60
1010,60
1011,60
1012,60
1013,60
1014,60
1015,60
1016,63
1017,63
1018,63
1019,63
1023,65
1024,65
1025,65
1034,68
1037,66
1038,66
1039,66
1040,66
1041,66
1042,66
1043,66
1057,67
1058,67
1059,67
1060,67
1096,69
1097,69
1098,69
1099,69
1100,69
1162,70
1163,70
1164,70
1165,70
1166,70
1167,70
1168,70
1169,70
1170,70
1181,68
1183,71
1184,71
1185,71
1186,71
1187,71
1188,71
1189,71
1190,71
1191,71
1192,71
1193,71
1194,71
1199,73
1200,74
1201,73
1202,73
1203,73
1204,73
1205,73
1206,73
1207,72
1208,72
1209,72
1210,72
1211,73
1212,73
1214,72
1215,72
1216,72
1217,72
1218,73
1219,73
1227,77
1228,78
1229,79
1231,81
1232,80
1233,80
1238,82
1243,82
1250,82
1251,82
1252,82
1253,82
1254,82
1255,82
1256,82
1257,82
1258,82
1259,82
1260,82
1261,82
1262,82
1263,82
1264,82
1265,82
1266,82
1267,82
1268,82
1269,82
1270,82
1271,82
1272,82
1273,82
1274,82
1275,82
1276,82
1277,82
1278,82
1279,82
1280,82
1281,82
1282,82
1283,82
1284,82
1285,82
1286,82
1287,82
1288,82
1289,82
1290,82
1291,82
1292,82
1293,82
1294,82
1295,82
1296,82
1297,82
1298,82
1299,82
1300,82
1301,82
1302,82
1303,82
1304,82
1305,82
1306,82
1307,82
1308,82
1309,82
1310,82
1311,82
1312,82
1313,82
1314,83
1315,84
1323,90
1329,89
1330,85
1331,86
1332,85
1333,86
1334,87
1335,88
1336,85
1337,86
1338,91
1339,91
1340,92
1343,94
1356,93
1357,93
1358,93
1359,93
1360,93
1362,93
1363,93
1364,93
1365,93
1366,93
1367,93
1368,93
1369,93
1370,93
1371,93
1372,93
1373,95
1374,95
1375,95
1376,95
1377,95
1378,95
1379,96
1380,96
1381,97
1382,97
1383,97
1384,97
1385,97
1386,97
1387,97
1388,97
1389,97
1390,97
1391,97
1392,97
1393,97
1394,97
1395,97
1396,97
1397,97
1398,98
1399,98
1400,98
1401,98
1402,98
1403,99
1404,99
1405,99
1406,99
1407,99
1408,100
1409,100
1410,100
1411,100
1412,94
1413,94
1414,101
1415,101
1416,101
1417,101
1418,101
1419,101
1420,101
1421,102
1422,102
1423,102
1424,102
1425,102
1426,102
1427,102
1428,103
1429,94
1430,94
1431,100
1432,100
1433,100
1434,100
1435,100
1436,94
1437,94
1438,94
1439,94
1440,94
1472,104
1473,104
1474,104
1475,104
1476,104
1477,104
1478,104
1479,104
1480,104
1481,104
1482,104
1483,104
1484,105
1485,105
1486,105
1487,105
1488,105
1489,105
1490,105
1491,105
1492,105
1493,106
1494,107
1495,108
1496,108
1497,108
1498,108
1499,109
1500,109
1501,109
1502,109
1503,109
1504,109
1505,109
1506,109
1507,110
1508,111
1509,111
1510,111
1511,111
1512,111
1513,112
1514,113
1515,113
1516,110
1517,110
1518,110
1519,114
1520,114
1521,114
1522,110
1523,114
1524,114
1525,114
1526,115
1527,115
1528,115
1529,115
1530,110
1531,110
1532,116
1533,116
1534,117
1535,117
1536,117
1537,117
1538,117
1539,117
1542,119
1564,118
1565,118
1566,118
1567,118
1568,118
1569,118
1570,118
1571,118
1572,118
1575,147
1576,147
1577,147
1578,147
1579,147
1580,147
1581,148
1582,148
1583,148
1584,148
1585,148
1586,120
1587,120
1588,120
1589,120
1590,121
1591,121
1592,122
1593,122
1594,122
1595,123
1596,123
1597,123
1598,123
1599,123
1600,121
1602,124
1603,124
1604,125
1605,126
1606,127
1607,128
1608,117
1609,117
1610,117
1611,117
1612,117
1627,136
1628,129
1629,129
1630,129
1631,129
1632,129
1633,129
1634,130
1635,130
1636,130
1637,130
1638,130
1639,130
1640,130
1641,130
1642,130
1643,130
1644,130
1645,130
1646,130
1647,130
1648,130
1649,131
1650,131
1651,131
1652,130
1653,130
1654,130
1655,130
1656,130
1657,130
1658,129
1659,129
1660,129
1661,129
1662,129
1663,129
1664,129
1665,129
1666,129
1667,131
1668,131
1669,131
1670,131
1671,132
1672,132
1673,132
1674,132
1675,132
1676,132
1677,129
1678,129
1679,129
1680,129
1681,129
1682,129
1683,129
1684,133
1685,133
1686,133
1687,133
1688,133
1689,134
1690,135
1691,135
1692,135
1693,135
1694,135
1695,135
1696,135
1697,135
1702,137
1703,138
1705,139
1706,139
1712,144
1713,144
1714,144
1715,144
1716,144
1717,144
1718,144
1719,144
1720,144
1721,145
1722,145
1723,145
1724,145
1725,145
1726,145
1727,145
1728,145
1729,145
1730,146
1731,146
1732,146
1733,146
1734,146
1749,140
1750,140
1751,140
1752,141
1753,141
1754,141
1755,141
1756,141
1757,142
1769,143
1818,149
1819,149
1820,149
1821,150
1822,150
1823,151
1824,151
1825,151
1826,152
1827,152
1828,152
1829,153
1830,153
1831,153
1832,154
1833,154
1834,154
1835,154
1836,155
1837,155
1838,155
1839,155
1840,155
1841,156
1842,156
1843,156
1844,156
1845,156
1846,156
1847,157
1848,157
1849,152
1850,152
1851,152
1852,150
1853,150
1854,150
1855,150
1856,150
1857,150
1858,158
1859,158
1860,158
1861,158
1862,158
1889,159
1890,159
1891,159
1892,159
1893,159
1894,159
1895,159
1896,159
1897,159
1898,159
1899,159
1900,159
1901,159
1902,159
1903,159
1904,159
1905,159
1906,159
1907,159
1908,159
1909,159
1910,159
1911,159
1912,159
1913,159
1914,159
1915,159
1916,159
1917,159
1918,159
1919,159
1920,159
1921,159
1922,159
1923,159
1924,159
1925,159
1926,159
1927,159
1928,159
1929,159
1930,159
1931,159
1932,159
1933,159
1934,159
1935,159
1936,159
1937,159
1938,159
1939,159
1940,159
1941,159
1942,159
1943,159
1944,159
1945,159
1946,159
1947,159
1953,161
1954,161
1955,161
1956,161
1957,161
1958,161
1959,161
1960,159
1961,159
1962,159
1963,159
1966,159
1967,159
1972,159
1973,161
1974,159
1975,159
1976,159
1977,159
1978,159
1979,159
1980,159
1981,159
1982,159
1983,159
1984,159
1986,159
1987,159
1988,159
1990,159
1992,159
1993,159
1994,159
1995,159
1996,159
1997,161
1999,161
2007,161
2030,161
2049,161
2050,161
2051,161
2052,161
2053,161
2054,161
2055,161
2056,159
2057,159
2058,159
2059,159
2060,161
2061,159
2062,161
2063,159
2064,159
2065,159
2066,159
2067,159
2068,159
2069,159
2070,159
2071,159
2072,161
2073,161
2074,161
2075,161
2076,161
2077,161
2078,161
2079,159
2080,159
2085,160
2086,160
2087,159
2088,161
2089,159
2090,159
2091,159
2092,161
2093,161
2094,161
2095,161
2096,161
2097,161
2098,161
2099,161
2118,167
2124,172
2125,172
2126,172
2127,173
2128,174
2129,175
2130,163
2131,163
2132,163
2133,163
2134,163
2135,163
2136,164
2137,164
2138,164
2139,164
2140,164
2141,164
2142,165
2143,165
2144,165
2145,165
2146,165
2147,165
2148,166
2149,166
2150,166
2151,166
2152,168
2153,168
2154,168
2155,168
2156,168
2157,168
2158,168
2159,168
2160,168
2161,169
2162,169
2163,169
2164,169
2165,169
2166,170
2167,170
2168,170
2169,170
2170,171
2171,171
2183,178
2185,176
2187,176
2190,176
2191,176
2192,176
2193,176
2194,176
2195,176
2196,176
2197,176
2198,177
2199,177
2200,177
2201,177
2202,177
2203,177
2204,177
2205,177
2206,176
2207,176
2208,176
2210,178
2211,178
2212,178
2213,179
2214,178
2215,178
2216,178
2239,180
2241,180
2242,180
2243,180
2244,180
2245,180
2246,180
2247,180
2248,180
2249,180
2250,180
2251,180
2252,180
2253,180
2254,180
2255,180
2256,180
2257,180
2258,180
2259,180
2260,180
2261,180
2262,180
2263,180
2264,180
2265,180
2266,180
2267,180
2268,180
2269,180
2270,181
2271,181
2272,181
2273,181
2274,180
2275,180
2276,180
2277,180
2282,180
2283,180
2284,180
2285,180
2286,180
2287,180
2288,182
2289,182
2290,182
2291,182
2292,182
2293,182
2294,182
2295,182
2296,182
2297,182
2298,182
2299,182
2300,182
2301,182
2302,182
2303,182
2304,182
2305,182
2306,182
2307,182
2308,182
2309,182
2310,182
2311,182
2312,182
2313,182
2314,182
2315,182
2316,183
2317,183
2318,183
2319,183
2320,183
2321,183
2322,183
2323,183
2324,183
2325,183
2326,183
2327,183
2328,183
2329,183
2330,183
2331,183
2332,183
2333,183
2334,183
2335,183
2336,183
2337,183
2338,183
2339,183
2340,183
2341,183
2342,183
2350,184
2351,184
2352,184
2353,184
2354,184
2355,184
2356,184
2357,184
2358,184
2359,184
2360,184
2361,184
2362,184
2363,184
2364,184
2365,184
2366,184
2367,184
2368,184
2369,184
2370,184
2371,184
2372,184
2373,184
2374,184
2375,184
2376,184
2377,184
2378,184
2379,184
2380,184
2381,184
2382,184
2383,184
2384,184
2385,184
2386,184
2387,184
2388,184
2389,184
2390,184
2391,184
2392,184
2393,184
2394,184
2395,184
2396,184
2397,184
2398,184
2399,184
2400,184
2401,184
2402,184
2403,184
2404,184
2405,184
2406,184
2407,184
2408,184
2409,184
2410,184
2411,184
2412,184
2413,184
2414,184
2415,184
2416,184
2453,193
2465,185
2466,185
2467,185
2468,185
2469,185
2470,185
2471,185
2472,185
2473,186
2474,186
2475,186
2476,187
2477,187
2478,187
2479,187
2480,187
2481,187
2482,187
2483,186
2484,186
2485,186
2486,188
2487,188
2488,188
2489,188
2490,188
2491,188
2492,188
2493,189
2494,189
2495,189
2496,190
2497,188
2498,191
2499,191
2500,191
2501,191
2502,192
2503,192
2504,192
2505,192
2506,192
2507,192
2508,192
2509,192
2510,192
2518,194
2519,194
2520,194
2521,195
2522,195
2523,195
2524,195
2525,195
2526,195
2527,195
2528,196
2529,196
2530,196
2531,196
2532,196
2533,196
2534,197
2535,197
2536,197
2537,198
2538,198
2539,198
2540,198
2544,199
2545,199
2546,199
2547,199
2548,199
2549,199
2550,199
2551,199
2552,199
2553,199
2554,199
2555,199
2556,199
2557,199
2558,199
2559,199
2560,199
2561,200
2562,200
2563,200
2564,200
2583,201
2584,201
2585,201
2586,201
2587,201
2588,201
2589,201
2590,201
2591,201
2592,201
2594,201
2595,201
2596,201
2597,201
2598,201
2599,202
2604,202
2605,206
2606,206
2608,203
2609,204
2611,205
2626,207
2627,207
2628,207
2629,208
2633,209
2634,209
2635,209
2636,210
2637,209
2639,208
2640,208
2645,211
2647,212
2648,212
2649,212
2650,212
2651,212
2652,213
2656,214
2683,215
2684,215
2685,215
2686,215
2687,215
2688,215
2689,215
2690,216
2691,201
2693,218
2695,220
2702,216
2703,218
2708,217
2709,217
2710,217
2711,217
2712,217
2713,217
2714,217
2715,217
2716,219
2717,219
2718,219
2719,219
2720,219
2721,219
2722,219
2723,219
2724,218
2725,218
2726,218
2727,218
2728,221
2729,221
2730,221
2731,221
2732,221
2733,222
2734,222
2735,222
2736,222
2737,222
2738,222
2739,222
2740,222
2741,222
2742,222
2743,218
2744,218
2745,218
2746,223
2747,223
2748,223
2749,223
2750,223
2751,223
2752,220
2753,220
2754,220
2755,220
2756,220
2757,220
2758,220
2759,224
2760,225
2762,219
2763,219
2764,219
2765,219
2766,219
2767,219
2776,226
2777,226
2778,226
2779,226
2780,226
2781,226
2782,226
2783,226
2794,208
2795,208
2796,208
2797,208
2798,208
2825,230
2835,231
2844,231
2845,231
2846,232
2847,233
2849,234
2850,234
2853,236
2854,236
2855,236
2856,236
2857,236
2858,237
2859,238
2860,231
2862,53
2863,227
2864,228
2866,228
2867,53
2868,227
2869,228
2871,228
2872,53
2873,227
2874,228
2876,228
2877,53
2878,227
2879,228
2881,228
2882,229
2883,229
2884,229
2885,229
2886,229
2887,229
2888,229
2889,229
2890,229
2891,229
2892,229
2893,229
2894,229
2895,229
2896,229
2897,229
2898,229
2899,229
2900,229
2901,229
2902,229
2903,229
2904,229
2905,229
2906,229
2907,229
2908,229
2909,229
2910,229
2911,229
2912,229
2913,229
2914,229
2915,230
2916,230
2917,230
2918,230
2919,230
2920,230
2921,230
2922,230
2923,230
2924,230
2925,230
2926,230
2927,230
2928,230
2929,230
2930,229
2931,229
2932,229
2933,229
2934,229
2935,229
2936,229
2937,229
2938,229
2939,229
2940,229
2941,229
2942,229
2943,229
2944,231
2945,231
2946,231
2947,231
2948,231
2949,231
2950,231
2951,231
2952,231
2953,231
2954,231
2955,229
2956,229
2957,229
2958,229
2959,229
2960,229
2961,231
2962,231
2963,231
2964,231
2965,231
2966,231
2967,231
2968,231
2969,231
2970,231
2971,231
2972,231
2973,231
2974,231
2975,231
2976,231
2977,235
2978,235
2979,235
2980,235
2981,235
2982,235
2983,235
2984,235
2985,235
2986,235
2987,235
2988,235
2989,235
2990,235
2991,235
2992,235
2993,235
2994,235
3000,240
3001,239
3002,239
3003,239
3004,239
3005,239
3006,239
3007,239
3008,239
3009,239
3010,239
3011,239
3012,239
3013,239
3014,239
3015,240
3016,240
3017,240
3018,240
3025,241
3026,242
3027,242
3033,243
3035,243
3036,243
3037,53
3038,53
3039,53
3040,53
3041,53
3042,243
3043,243
3044,243
3045,243
3046,243
3047,243
3048,243
3049,243
3050,243
3051,243
3052,243
3053,243
3056,243
3057,450
3058,243
3059,244
3067,245
3068,246
3069,246
3076,247
3077,248
3078,249
3079,250
3080,250
3081,250
3082,250
3083,250
3084,250
3085,251
3086,251
3089,252
3090,252
3091,252
3092,252
3093,252
3094,252
3098,253
3099,253
3100,254
3101,255
3102,253
3103,253
3104,256
3105,257
3106,257
3107,258
3113,259
3114,259
3115,259
3116,259
3117,260
3118,261
3119,261
3120,262
3121,262
3122,263
3123,264
3124,264
3129,265
3130,266
3131,267
3133,268
3134,268
3135,268
3136,269
3137,269
3138,269
3139,269
3140,269
3141,269
3142,269
3143,269
3148,270
3149,270
3150,270
3151,271
3152,271
3153,271
3154,271
3155,271
3156,271
3164,272
3175,273
3176,273
3177,273
3181,275
3184,274
3185,273
3195,276
3196,276
3197,277
3198,278
3199,279
3200,280
3201,281
3202,281
3203,281
3204,282
3205,282
3206,282
3207,283
3208,284
3209,285
3211,286
3212,286
3213,286
3214,286
3215,286
3216,286
3217,286
3218,287
3219,287
3220,287
3221,288
3222,288
3223,288
3224,288
3225,288
3226,288
3227,288
3228,288
3229,288
3230,288
3231,288
3232,288
3233,288
3234,288
3235,288
3236,288
3237,288
3238,289
3239,288
3240,288
3241,288
3242,288
3243,288
3244,290
3245,291
3246,292
3247,292
3248,293
3249,294
3250,295
3251,296
3252,297
3254,298
3256,299
3257,300
3259,301
3260,302
3261,302
3262,303
3263,303
3265,304
3266,304
3267,305
3268,305
3269,306
3270,305
3303,312
3304,313
3305,311
3306,314
3320,307
3321,307
3322,308
3323,308
3324,308
3325,308
3326,308
3327,308
3328,272
3331,309
3332,309
3333,309
3334,309
3335,309
3336,309
3337,309
3351,310
3352,310
3353,310
3354,311
3355,311
3356,311
3357,311
3358,307
3360,311
3361,311
3362,311
3363,311
3364,311
3365,311
3369,311
3370,311
3372,307
3373,307
3374,307
3375,307
3376,307
3377,307
3378,307
3379,307
3380,307
3386,315
3387,315
3388,316
3389,316
3391,316
3392,316
3393,316
3780,317
3781,317
3782,317
3783,317
3784,317
3785,317
3802,321
3803,321
3804,321
3805,321
3806,321
3807,323
3808,323
3809,323
3810,324
3811,324
3812,324
3813,324
3814,324
3815,324
3816,318
3817,319
3818,319
3819,319
3820,319
3821,319
3822,319
3823,319
3824,319
3825,319
3826,319
3827,319
3828,319
3829,320
3830,321
3831,321
3832,321
3833,321
3834,321
3835,321
3836,321
3837,321
3838,321
3839,321
3840,321
3841,321
3842,322
3843,321
3844,321
3845,321
3847,321
3848,321
3849,321
3850,318
3851,319
3852,319
3853,319
3854,319
3855,319
3856,319
3857,319
3858,319
3859,319
3860,319
3861,319
3862,320
3863,321
3864,321
3865,321
3866,321
3867,321
3868,321
3869,321
3870,321
3871,321
3872,321
3873,321
3874,321
3875,322
3876,321
3877,321
3878,321
3880,321
3881,321
3882,321
3883,319
3884,318
3885,319
3886,319
3887,319
3888,319
3889,319
3890,319
3891,319
3892,319
3893,319
3894,319
3895,319
3896,320
3897,321
3898,321
3899,321
3900,321
3901,321
3902,321
3903,321
3904,321
3905,321
3906,321
3907,321
3908,321
3909,322
3910,321
3911,321
3912,321
3914,321
3915,319
3916,321
3917,321
3918,318
3919,319
3920,319
3921,319
3922,319
3923,319
3924,319
3925,319
3926,319
3927,319
3928,319
3929,319
3930,320
3931,321
3932,321
3933,321
3934,321
3935,321
3936,321
3937,321
3938,321
3939,321
3940,321
3941,321
3942,321
3943,322
3944,321
3945,321
3946,321
3948,321
3949,319
3950,321
3951,321
3952,318
3953,319
3954,319
3955,319
3956,319
3957,319
3958,319
3959,319
3960,319
3961,319
3962,319
3963,319
3964,320
3965,321
3966,321
3967,321
3968,321
3969,321
3970,321
3971,321
3972,321
3973,321
3974,321
3975,321
3976,321
3977,322
3978,321
3979,321
3980,321
3982,321
3983,319
3984,321
3985,321
3986,318
3987,319
3988,319
3989,319
3990,319
3991,319
3992,319
3993,319
3994,319
3995,319
3996,319
3997,319
3998,320
3999,321
4000,321
4001,321
4002,321
4003,321
4004,321
4005,321
4006,321
4007,321
4008,321
4009,321
4010,321
4011,322
4012,321
4013,321
4014,321
4016,321
4017,319
4018,321
4019,321
4020,318
4021,319
4022,319
4023,319
4024,319
4025,319
4026,319
4027,319
4028,319
4029,319
4030,319
4031,319
4032,320
4033,321
4034,321
4035,321
4036,321
4037,321
4038,321
4039,321
4040,321
4041,321
4042,321
4043,321
4044,321
4045,322
4046,321
4047,321
4048,321
4050,321
4051,319
4052,321
4053,321
4054,318
4055,319
4056,319
4057,319
4058,319
4059,319
4060,319
4061,319
4062,319
4063,319
4064,319
4065,319
4066,320
4067,321
4068,321
4069,321
4070,321
4071,321
4072,321
4073,321
4074,321
4075,321
4076,321
4077,321
4078,321
4079,322
4080,321
4081,321
4082,321
4084,321
4085,319
4086,321
4087,321
4088,318
4089,319
4090,319
4091,319
4092,319
4093,319
4094,319
4095,319
4096,319
4097,319
4098,319
4099,319
4100,320
4101,321
4102,321
4103,321
4104,321
4105,321
4106,321
4107,321
4108,321
4109,321
4110,321
4111,321
4112,321
4113,322
4114,321
4115,321
4116,321
4118,321
4119,319
4120,321
4121,321
4122,318
4123,319
4124,319
4125,319
4126,319
4127,319
4128,319
4129,319
4130,319
4131,319
4132,319
4133,319
4134,320
4135,321
4136,321
4137,321
4138,321
4139,321
4140,321
4141,321
4142,321
4143,321
4144,321
4145,321
4146,321
4147,322
4148,321
4149,321
4150,321
4152,321
4153,319
4154,321
4155,321
4156,318
4157,319
4158,319
4159,319
4160,319
4161,319
4162,319
4163,319
4164,319
4165,319
4166,319
4167,319
4168,320
4169,321
4170,321
4171,321
4172,321
4173,321
4174,321
4175,321
4176,321
4177,321
4178,321
4179,321
4180,321
4181,322
4182,321
4183,321
4184,321
4186,321
4187,319
4188,321
4189,321
4190,318
4191,319
4192,319
4193,319
4194,319
4195,319
4196,319
4197,319
4198,319
4199,319
4200,319
4201,319
4202,320
4203,321
4204,321
4205,321
4206,321
4207,321
4208,321
4209,321
4210,321
4211,321
4212,321
4213,321
4214,321
4215,322
4216,321
4217,321
4218,321
4220,321
4221,319
4222,321
4223,321
4224,318
4225,319
4226,319
4227,319
4228,319
4229,319
4230,319
4231,319
4232,319
4233,319
4234,319
4235,319
4236,320
4237,321
4238,321
4239,321
4240,321
4241,321
4242,321
4243,321
4244,321
4245,321
4246,321
4247,321
4248,321
4249,322
4250,321
4251,321
4252,321
4254,321
4255,319
4256,321
4257,321
4258,318
4259,319
4260,319
4261,319
4262,319
4263,319
4264,319
4265,319
4266,319
4267,319
4268,319
4269,319
4270,320
4271,321
4272,321
4273,321
4274,321
4275,321
4276,321
4277,321
4278,321
4279,321
4280,321
4281,321
4282,321
4283,322
4284,321
4285,321
4286,321
4288,321
4289,319
4290,321
4291,321
4295,331
4310,325
4311,325
4312,325
4313,325
4314,325
4315,325
4316,326
4317,326
4318,326
4319,327
4320,327
4321,327
4322,327
4323,327
4324,327
4325,328
4326,328
4327,328
4328,328
4329,328
4330,328
4331,325
4332,325
4333,325
4334,325
4335,325
4336,325
4346,329
4347,329
4348,329
4349,329
4350,329
4351,329
4352,329
4353,329
4354,329
4355,329
4356,329
4357,329
4358,329
4359,329
4360,329
4361,329
4362,330
4363,330
4370,332
4371,332
4372,332
4373,332
4374,332
4375,332
4376,332
4377,332
4378,332
4379,332
4380,332
4381,332
4382,332
4383,332
4384,332
4385,332
4386,332
4387,332
4388,332
4389,334
4390,334
4391,334
4392,334
4393,334
4394,334
4395,334
4396,334
4397,334
4398,334
4399,332
4400,332
4401,332
4402,332
4403,333
4404,333
4405,333
4406,333
4407,333
4408,333
4409,333
4410,333
4411,333
4412,333
4413,333
4422,345
4423,335
4424,335
4425,335
4426,335
4427,335
4428,335
4429,336
4430,336
4431,336
4432,336
4433,336
4434,335
4435,336
4436,336
4437,336
4438,337
4439,337
4440,339
4441,337
4442,337
4443,337
4444,338
4445,338
4446,338
4447,339
4448,340
4450,343
4451,344
4452,344
4453,345
4454,341
4455,342
4456,342
4457,342
4458,342
4459,342
4460,346
4461,346
4462,346
4463,346
4464,346
4472,374
4474,374
4477,347
4478,347
4479,347
4480,347
4481,347
4482,347
4483,347
4484,348
4485,348
4486,348
4487,348
4488,348
4489,348
4494,348
4495,348
4496,348
4497,348
4498,348
4499,348
4500,348
4501,348
4502,348
4503,348
4504,348
4505,348
4506,349
4507,349
4508,349
4509,349
4510,349
4511,349
4512,349
4513,349
4514,349
4515,349
4516,349
4517,349
4518,349
4519,349
4520,350
4521,350
4522,350
4523,350
4524,350
4525,350
4526,350
4527,350
4528,350
4529,350
4530,350
4531,350
4532,350
4533,350
4534,350
4535,350
4536,350
4537,350
4538,350
4539,350
4540,350
4541,350
4542,350
4543,350
4544,350
4545,350
4546,350
4547,350
4548,351
4549,352
4550,353
4551,354
4552,355
4553,356
4554,357
4555,358
4556,359
4557,360
4558,361
4559,362
4560,363
4561,364
4562,365
4563,366
4572,373
4574,367
4575,367
4576,367
4577,367
4578,368
4579,368
4580,368
4581,369
4582,369
4583,369
4584,369
4585,370
4586,370
4587,371
4588,372
4589,374
4590,374
4591,374
4592,374
4593,374
4594,374
4595,374
4596,374
4614,441
4615,441
4616,441
4617,441
4618,441
4619,441
4620,441
4621,441
4634,375
4635,375
4636,375
4637,375
4638,375
4639,375
4640,375
4641,375
4642,375
4643,375
4644,375
4645,375
4646,375
4647,375
4648,375
4649,375
4650,375
4651,375
4652,375
4653,375
4665,376
4666,376
4667,376
4668,376
4669,376
4670,376
4671,376
4672,376
4673,376
4674,376
4675,376
4676,376
4677,376
4678,376
4679,376
4680,376
4681,376
4682,376
4683,376
4684,376
4685,376
4686,376
4687,376
4688,376
4689,376
4690,376
4691,376
4692,376
4693,376
4694,376
4695,376
4696,376
4697,376
4698,376
4699,376
4700,376
4701,376
4702,376
4703,376
4704,376
4705,376
4706,376
4707,376
4708,376
4709,377
4711,377
4712,377
4713,377
4714,377
4715,377
4716,377
4769,378
4770,378
4771,379
4772,378
4773,378
4774,378
4775,380
4776,381
4777,378
4778,378
4779,378
4822,382
4823,382
4824,382
4825,382
4826,382
4827,382
4828,382
4829,383
4830,383
4831,383
4832,383
4833,383
4834,383
4835,383
4836,384
4837,384
4838,384
4839,385
4840,384
4847,387
4848,386
4849,388
4850,388
4851,388
4852,388
4853,388
4854,388
4878,389
4882,390
4904,391
4907,392
4918,393
4919,393
4920,393
4921,393
4922,394
4923,395
4924,396
4936,397
4942,398
4947,406
4954,399
4955,400
4956,401
4957,402
4958,403
4959,404
4960,404
4961,405
4962,404
4963,406
4964,407
4965,399
4966,400
4967,401
4968,402
4969,403
4970,404
4971,404
4972,405
4973,404
4975,407
4982,413
4983,408
4984,408
4985,408
4986,408
4987,408
4988,409
4989,409
4990,408
4991,410
4992,410
4994,411
4995,411
4996,412
4997,412
4998,412
4999,412
5000,412
5006,413
5007,413
5009,414
5010,415
5011,416
5013,414
5014,414
5015,414
5018,417
5019,417
5020,417
5028,418
5030,418
5031,418
5032,418
5037,419
5038,419
5044,420
5045,419
5047,421
5048,421
5049,421
5054,422
5055,422
5056,422
5057,422
5070,423
5071,423
5072,423
5073,423
5074,423
5075,423
5076,423
5091,424
5092,425
5093,425
5094,425
5095,426
5096,426
5112,427
5113,427
5114,427
5115,427
5116,427
5117,427
5118,427
5119,427
5120,427
5121,427
5123,427
5124,427
5125,427
5126,427
5127,428
5128,428
5129,428
5130,429
5131,429
5132,429
5133,429
5134,429
5135,429
5136,429
5137,429
5154,432
5155,430
5156,430
5157,430
5158,430
5159,430
5160,430
5161,430
5162,430
5163,431
5164,431
5165,432
5166,432
5167,432
5168,432
5169,432
5170,432
5171,432
5172,432
5177,433
5178,433
5179,433
5180,433
5181,433
5182,433
5183,433
5184,433
5185,434
5186,434
5191,435
5192,435
5193,435
5194,435
5196,435
5197,435
5199,436
5200,436
5201,436
5202,435
5203,435
5204,435
5208,418
5209,418
5210,418
5213,418
5222,437
5223,437
5224,437
5225,437
5226,437
5227,437
5228,438
5229,438
5230,438
5231,438
5232,438
5233,438
5234,438
5235,438
5236,438
5237,438
5238,438
5239,438
5244,440
5245,439
5246,439
5247,439
5248,439
5249,439
5250,439
5251,439
5252,439
5253,439
5254,439
5255,440
5312,442
5313,442
5314,443
5315,443
5316,443
5317,443
5318,443
5319,443
5320,443
5321,443
5322,443
5323,443
5324,443
5325,443
5326,444
5327,444
5328,445
5329,445
5330,445
5332,446
5333,446
5334,446
5335,446
5336,446
5337,446
5338,446
5342,442
5344,442
5347,447
5348,447
5362,442
5363,442
5364,442
5368,447
5377,449
5378,449
5379,449
5380,442
5381,442
5391,448
5392,448
5594,649
5595,649
5605,1170
5615,452
5616,452
5617,452
5618,452
5619,452
5640,457
5644,451
5651,451
5652,451
5653,451
5654,451
5655,451
5656,451
5657,451
5658,451
5659,451
5660,451
5661,451
5662,451
5663,451
5664,451
5665,451
5666,451
5667,451
5668,451
5669,451
5670,451
5671,451
5672,451
5673,451
5674,451
5675,451
5676,451
5677,451
5678,451
5679,451
5702,453
5706,453
5710,453
5714,453
5718,453
5722,453
5726,453
5730,453
5734,453
5738,453
5742,453
5746,453
5750,453
5754,453
5758,453
5762,453
5766,453
5770,453
5774,453
5775,453
5776,453
5777,453
5778,453
5779,453
5780,453
5781,453
5782,453
5783,453
5784,453
5785,453
5786,453
5787,453
5788,453
5789,453
5790,453
5791,453
5792,453
5793,453
5794,453
5795,453
5796,453
5797,453
5798,453
5799,453
5800,453
5801,453
5802,453
5803,453
5804,453
5805,453
5806,453
5807,453
5808,453
5809,453
5810,453
5811,453
5812,453
5813,453
5814,453
5815,453
5816,453
5817,453
5818,453
5819,453
5820,453
5821,453
5822,453
5823,453
5824,453
5825,453
5826,453
5827,453
5828,453
5829,453
5830,453
5831,453
5832,453
5833,453
5834,453
5835,453
5836,453
5837,453
5838,453
5839,453
5840,453
5841,453
5842,453
5843,453
5844,453
5845,453
5846,453
5847,453
5848,453
5849,453
5850,453
5851,453
5852,453
5853,453
5854,453
5855,453
5856,453
5857,453
5858,453
5859,453
5860,453
5861,453
5862,453
5863,453
5864,453
5865,453
5866,453
5867,453
5868,453
5869,453
5870,453
5871,453
5872,453
5873,453
5874,453
5875,453
5876,453
5877,453
5878,453
5879,453
5880,453
5881,453
5882,453
5883,453
5884,453
5885,453
5886,453
5887,453
5888,453
5889,453
5890,453
5891,453
5892,453
5893,453
5894,453
5895,453
5896,453
5897,453
5898,453
5899,453
5900,453
5901,453
5902,453
5903,453
5904,453
5905,453
5906,453
5907,453
5908,453
5909,453
5910,453
5911,453
5912,453
5913,453
5914,453
5915,453
5916,453
5917,453
5918,453
5919,453
5920,453
5921,453
5922,453
5923,453
5924,453
5925,453
5926,453
5927,453
5928,453
5929,453
5930,453
5931,453
5932,453
5933,453
5934,453
5935,453
5936,453
5937,453
5938,453
5939,453
5940,453
5941,453
5942,453
5943,453
5944,453
5945,453
5964,453
5965,453
5966,453
5967,453
5968,453
5969,453
5970,453
5971,453
5972,453
5973,453
5974,453
5975,453
5976,453
5977,453
5978,453
5979,453
5980,453
5981,453
5982,453
5983,453
5984,453
5985,453
5986,453
5987,453
5988,453
5989,453
5990,453
5997,453
5998,453
5999,453
6000,453
6001,453
6002,453
6003,453
6004,453
6005,453
6006,453
6007,453
6008,453
6009,453
6010,453
6011,453
6012,453
6013,453
6014,453
6018,453
6019,453
6020,453
6021,453
6022,453
6023,453
6024,453
6025,453
6026,453
6030,453
6031,453
6032,453
6033,453
6034,453
6035,453
6036,453
6037,453
6038,453
6043,453
6044,453
6045,453
6046,453
6047,453
6048,453
6049,453
6050,453
6051,453
6052,453
6053,453
6054,453
6055,453
6061,454
6062,454
6063,454
6064,454
6065,454
6066,454
6067,454
6068,454
6069,454
6070,454
6071,454
6072,454
6073,454
6074,454
6075,454
6076,454
6077,454
6078,454
6079,454
6080,454
6081,454
6082,454
6083,454
6084,454
6085,454
6090,454
6091,454
6092,454
6093,454
6094,454
6095,454
6096,454
6097,454
6098,454
6099,454
6100,454
6101,454
6102,454
6103,454
6104,454
6105,454
6106,454
6107,454
6118,455
6119,455
6120,455
6121,455
6122,455
6123,455
6124,455
6125,455
6126,455
6127,455
6128,455
6129,455
6130,455
6131,455
6132,455
6135,455
6136,455
6137,455
6138,455
6139,455
6140,455
6141,455
6142,455
6143,455
6144,455
6145,455
6146,455
6147,455
6148,455
6149,455
6150,455
6151,455
6152,455
6153,455
6154,455
6155,455
6156,455
6157,455
6158,455
6159,455
6165,456
6166,456
6167,456
6168,456
6169,456
6170,456
6171,456
6172,456
6173,456
6174,456
6175,456
6176,456
6177,456
6178,456
6179,456
6180,456
6181,456
6182,456
6183,456
6184,456
6185,456
6186,456
6187,456
6188,456
6189,456
6192,456
6193,456
6194,456
6195,456
6196,456
6197,456
6198,456
6199,456
6200,456
6201,456
6228,457
6229,457
6230,457
6231,457
6232,457
6233,457
6234,457
6235,457
6236,457
6237,457
6238,457
6239,457
6240,457
6241,457
6242,457
6243,457
6244,457
6245,457
6246,457
6247,457
6312,987
6313,987
6314,987
6315,987
6335,991
6336,991
6337,991
6338,991
6339,991
6340,991
6341,991
6342,991
6344,993
6345,992
6346,994
6347,990
6348,990
6349,990
6350,1003
6358,1002
6359,1010
6360,1000
6404,516
6417,988
6418,988
6419,988
6420,997
6421,997
6422,997
6423,997
6432,648
6433,648
6438,650
6439,650
6440,650
6482,663
6504,700
6505,700
6506,700
6507,700
6508,700
6509,700
6510,700
6511,700
6512,700
6513,700
6514,700
6515,700
6516,700
6517,700
6518,700
6519,700
6520,700
6521,701
6522,701
6523,701
6524,701
6525,701
6526,702
6527,702
6528,702
6529,702
6530,702
6543,704
6548,651
6549,652
6550,652
6551,652
6552,652
6553,652
6554,653
6555,653
6556,653
6557,653
6558,653
6559,654
6560,654
6561,654
6562,654
6563,654
6564,654
6584,659
6585,659
6586,659
6608,689
6609,689
6610,689
6611,689
6612,689
6613,689
6614,689
6615,689
6616,689
6617,689
6618,689
6619,689
6620,689
6621,689
6622,689
6623,689
6624,689
6625,689
6626,689
6627,689
6628,689
6629,689
6630,689
6631,689
6632,689
6633,689
6634,689
6635,689
6636,690
6637,690
6638,690
6661,698
6662,698
6700,704
6701,704
6702,704
6703,704
6726,657
6727,657
6728,657
6741,708
6874,696
6875,696
6876,696
6877,696
6880,696
6881,696
6882,696
6883,696
6884,697
6885,697
6886,697
6887,697
6888,696
6889,696
6890,696
6891,696
6895,708
6896,708
6897,708
6898,708
6899,708
6900,708
6916,708
6917,708
6918,708
6919,708
6920,708
6921,708
6932,655
6933,655
6934,656
6935,656
6936,656
7011,458
7019,459
7042,460
7043,461
7044,462
7045,463
7046,464
7047,465
7048,466
7049,467
7050,468
7051,469
7052,470
7053,471
7054,472
7055,473
7056,474
7057,475
7058,476
7059,476
7060,476
7061,477
7062,513
7063,512
7064,511
7065,510
7066,509
7067,508
7068,507
7069,506
7070,505
7071,504
7072,503
7073,502
7074,501
7075,500
7076,499
7077,498
7080,497
7081,496
7082,495
7083,494
7086,493
7088,492
7089,491
7090,490
7094,489
7108,488
7110,487
7111,486
7115,485
7117,484
7119,483
7120,482
7121,481
7123,480
7125,479
7126,478
7142,514
7151,515
7188,1074
7192,999
7193,999
7194,999
7195,999
7196,999
7197,999
7198,999
7199,1010
7200,1010
7201,1010
7202,1010
7203,999
7205,1006
7207,1003
7208,1004
7209,1003
7223,1074
7224,1074
7225,1074
7226,1074
7227,1074
7229,1074
7244,518
7245,556
7248,563
7250,566
7252,569
7253,573
7258,575
7291,1074
7292,1074
7293,1074
7294,1074
7296,1074
7297,1074
7298,1074
7299,1074
7300,1074
7301,1074
7302,1074
7303,1074
7304,1074
7305,1074
7307,1074
7308,1074
7309,1074
7311,1074
7312,1074
7313,1074
7314,1074
7332,711
7333,711
7338,1075
7339,1075
7356,750
7369,750
7426,750
7427,750
7428,750
7636,803
7637,803
7638,803
7639,803
7640,803
7641,803
7642,803
7643,803
7644,803
7645,803
7646,803
7647,803
7648,803
7649,803
7650,803
7651,803
7652,803
7653,803
7654,803
7659,808
7661,808
7662,808
7663,808
7664,808
7665,808
7666,808
7667,808
7710,713
7711,715
7712,713
7713,713
7714,811
7715,813
7716,813
7717,813
7718,817
7719,817
7720,817
7725,817
7726,817
7727,748
7728,714
7729,714
7730,714
7731,714
7732,817
7733,817
7734,817
7735,817
7736,817
7737,817
7738,817
7739,817
7740,817
7741,723
7742,815
7743,815
7744,815
7745,815
7746,815
7747,815
7748,714
7749,714
7750,714
7751,714
7752,714
7753,715
7756,815
7757,815
7758,815
7759,815
7760,815
7762,718
7763,719
7767,715
7777,712
7778,711
7779,713
7780,713
7793,817
7794,817
7795,720
7796,720
7797,720
7798,720
7801,716
7802,716
7809,714
7810,715
7811,716
7812,713
7813,716
7815,817
7816,817
7817,817
7818,817
7819,817
7825,817
7826,817
7827,817
7828,817
7829,817
7836,716
7837,716
7838,717
7839,817
7840,817
7841,817
7842,817
7843,817
7844,817
7845,817
7846,817
7847,817
7848,817
7849,817
7850,817
7851,817
7852,817
7853,817
7854,817
7855,817
7856,817
7857,817
7858,817
7862,817
7863,817
7864,817
7865,817
7866,817
7871,817
7872,817
7873,817
7874,817
7875,817
7876,817
7882,820
7883,820
7886,820
7889,820
7897,809
7901,1074
7916,820
7917,820
7918,820
7919,820
7920,820
7922,820
7923,820
7924,820
7925,820
7929,820
7930,820
7931,820
7932,820
7933,820
7934,820
7935,820
7936,820
7937,820
7960,715
7974,820
7975,820
7976,820
7977,820
7978,820
7979,820
7980,820
8013,817
8014,817
8015,817
8016,817
8018,817
8019,817
8020,817
8021,817
8022,817
8023,817
8024,817
8025,817
8026,817
8028,817
8029,817
8033,817
8034,817
8046,517
8329,716
8339,817
8340,817
8341,817
8343,519
8348,695
8351,711
8362,717
8371,749
8390,749
8409,749
8428,749
8453,578
8454,579
8455,583
8456,586
8457,588
8458,591
8459,591
8460,591
8461,591
8462,591
8463,591
8473,593
8474,593
8475,593
8476,593
9564,749
9591,817
9593,802
9594,802
9595,802
9596,803
9597,809
9602,820
9603,820
9604,820
9605,820
9606,820
9611,817
9616,809
9620,960
9621,960
9622,960
9623,960
9646,529
9647,531
9648,532
9649,534
9650,536
9651,537
9668,584
9670,590
9671,592
9672,595
9673,596
9743,765
9750,691
9751,692
9754,694
9760,762
9762,769
9763,762
9764,710
9765,710
9766,710
9770,762
9884,762
9885,762
9890,762
9891,762
9892,762
9893,965
9894,966
9899,538
9900,568
9901,539
9902,762
9903,966
9904,966
9905,762
9918,762
9919,966
9920,540
9921,541
9923,542
9924,543
9925,544
9926,545
9927,546
9928,547
9929,550
9930,552
9931,554
9932,560
9933,561
9934,564
9935,571
9936,574
9937,576
9938,762
9939,762
9940,581
9941,580
9942,577
9943,762
9944,587
9945,589
9946,762
9949,762
9950,762
9951,762
9952,597
9953,598
9954,599
9955,599
9956,599
9957,599
9958,599
9959,762
9960,762
9961,762
9962,600
9963,600
9964,600
9965,600
9966,600
9967,600
9968,600
9969,601
9970,601
9971,601
9972,601
9973,601
9974,601
9975,601
9976,763
9977,602
9978,602
9979,602
9980,602
9981,602
9982,602
9983,602
9984,763
9985,603
9986,603
9987,603
9988,603
9989,603
9990,603
9991,603
9992,763
9994,805
9995,764
9998,764
10004,710
10005,710
10006,710
10007,710
10008,710
10009,710
10010,710
10011,819
10012,819
10013,819
10014,819
10015,819
10045,804
10046,804
10047,804
10048,804
10049,804
10051,807
10053,807
10055,810
10056,810
10059,812
10060,812
10063,814
10076,816
10077,816
10079,807
10080,807
10081,807
10082,807
10083,807
10084,807
10085,807
10086,807
10087,807
10088,807
10089,807
10090,807
10097,810
10098,810
10099,810
10100,810
10101,810
10102,810
10103,810
10104,812
10105,812
10106,812
10107,812
10108,812
10109,812
10110,812
10111,812
10112,812
10113,812
10114,812
10115,812
10117,814
10118,814
10119,814
10120,814
10121,814
10122,816
10123,816
10124,816
10125,816
10126,816
10127,816
10128,816
10129,816
10130,816
10131,816
10132,816
10133,816
10171,969
10175,960
10176,960
10177,960
10178,960
10179,960
10180,960
10181,960
10187,962
10188,962
10189,962
10190,962
10191,967
10192,968
10194,965
10197,963
10198,963
10199,962
10200,962
10201,962
10202,962
10203,962
10204,962
10206,965
10207,965
10208,966
10209,966
10215,965
10216,965
10241,964
10242,964
10243,964
10244,964
10245,964
10246,964
10247,964
10249,964
10250,607
10251,608
10588,609
10596,614
10600,634
10601,635
10602,636
10603,633
10618,637
10619,638
10621,640
10623,639
10624,964
10625,964
10626,964
10627,964
10629,614
10631,641
10633,614
10634,964
10635,621
10638,622
10640,623
10641,964
10642,964
10643,964
10645,614
10646,605
10651,606
10652,616
10653,624
10654,617
10655,614
10656,642
10657,643
10658,644
10662,619
10664,613
10665,612
10666,614
10721,759
10722,759
10723,759
10724,759
10725,759
10726,759
10727,759
10728,759
10729,759
10748,759
10749,759
10750,759
10751,759
10752,759
10753,759
10754,759
10755,759
10756,759
10757,759
10758,759
10759,759
10760,759
10765,759
10766,759
10767,759
10771,759
10772,759
10773,759
10778,759
10779,759
10780,759
10781,759
10782,759
10783,759
10784,759
10785,759
10786,759
10787,759
10788,759
10789,759
10791,759
10792,759
10793,759
10794,759
10795,759
10796,759
10797,759
10798,759
10799,759
10800,759
10801,759
10802,759
10803,759
10804,759
10805,759
10806,759
10807,759
10808,759
10809,759
10810,759
10811,759
10812,759
10813,759
10814,759
10815,759
10816,759
10817,759
10818,759
10819,759
10820,759
10821,759
10822,759
10823,759
10824,759
10825,759
10826,764
10827,764
10828,764
10829,764
10830,763
10831,763
10832,763
10833,763
10834,759
10835,759
10836,759
10837,759
10838,759
10839,759
10840,759
10841,759
10842,759
10843,759
10844,759
10845,763
10846,763
10847,763
10848,763
10849,763
10850,762
10851,759
10852,759
10853,759
10854,759
10855,759
10856,759
10857,759
10858,759
10859,759
10860,759
10861,762
10862,766
10863,770
10864,767
10865,762
10866,766
10867,759
10868,759
10869,759
10870,759
10871,759
10872,759
10873,759
10874,759
10875,759
10876,766
10877,762
10878,762
10879,759
10880,759
10881,759
10883,759
10884,759
10885,759
10887,762
10888,768
10889,768
10890,768
10891,762
10892,762
10893,762
10894,762
10895,759
10896,759
10897,759
10898,759
10899,759
10900,759
10901,759
10902,759
10903,759
10904,759
10905,759
10906,759
10907,759
10908,759
10909,759
10910,759
10911,759
10912,759
10913,759
10914,759
10915,759
10916,759
10917,759
10918,759
10919,759
10920,759
10921,759
10922,759
10923,759
10924,759
10925,759
10926,759
10927,759
10928,759
10929,759
10930,759
10931,759
10932,759
10933,759
10934,759
10935,759
10936,759
10937,759
10938,759
10939,759
10940,759
10941,759
10942,759
10943,759
10944,759
10945,759
10946,759
10947,759
10948,759
10949,759
10950,759
10951,759
10952,759
10953,759
10954,759
10955,759
10985,520
10986,520
10987,520
10988,521
10989,521
10990,521
11004,522
11005,522
11006,522
11007,522
11008,522
11009,522
11010,522
11011,522
11012,522
11013,522
11014,522
11015,522
11016,522
11017,522
11018,522
11019,522
11020,522
11021,522
11030,523
11031,523
11035,524
11036,524
11041,759
11042,759
11043,759
11044,759
11045,759
11046,759
11047,759
11048,759
11049,759
11050,759
11051,759
11052,759
11053,759
11054,759
11055,759
11056,759
11057,759
11058,759
11059,759
11060,759
11061,759
11062,759
11063,759
11064,759
11065,759
11066,759
11077,525
11078,526
11079,527
11091,1119
11095,1119
11098,1119
11100,1119
11103,1119
11108,1119
11110,1119
11114,1119
11117,1119
11121,1119
11532,528
11537,548
11539,549
11540,570
11542,551
11545,996
11546,996
11553,970
11557,1007
11558,970
11560,572
11561,970
11562,971
11563,1008
11564,1009
11565,970
11566,972
11570,970
11571,970
11572,970
11573,970
11574,553
11577,970
11578,970
11579,557
11592,1119
11596,1119
11597,1119
11599,562
11867,555
11872,558
11912,530
11925,533
11926,535
11964,559
11979,565
12006,567
12178,1158
12183,1159
12235,750
13125,646
13128,647
13856,1159
13857,1160
13870,1161
13871,1157
13896,1157
13897,1159
13898,1159
13899,1159
13900,1157
13901,1159
13902,1157
13904,1162
13912,1157
13913,1157
13914,1163
13915,1164
13916,1165
13917,1166
13918,1157
13919,1167
13920,1157
13921,1157
13926,1076
13927,1076
13929,1076
13930,1076
13931,1076
13933,1076
14214,681
14221,682
14222,683
14293,664
14294,665
14295,666
14296,667
14297,668
14298,669
14349,673
14350,674
14351,672
14352,675
14353,676
14354,677
14355,678
14356,679
14357,680
14421,684
14422,685
14423,686
14489,699
14532,688
14589,1077
14590,1077
14602,1156
14603,1156
14604,1156
14605,1157
14651,771
14652,772
14653,773
14654,774
14655,775
14656,776
14657,777
14658,778
14659,779
14660,780
14661,781
14662,782
14663,783
14664,784
14665,785
14666,786
14667,787
14668,788
14669,789
14670,790
14671,791
14672,792
14673,793
14674,794
14675,795
14676,795
14677,795
14678,795
14679,795
14680,795
14681,796
14682,796
14683,796
14684,796
14685,796
14686,796
14687,796
14688,796
14689,796
14690,796
14691,796
14692,796
14693,796
14694,796
14699,796
14700,796
14703,796
14704,797
14705,797
14706,797
14707,797
14708,797
14709,797
14710,797
14711,797
14712,797
14713,797
14714,797
14715,797
14716,797
14717,797
14718,797
14719,797
14720,797
14721,798
14722,798
14723,798
14724,798
14725,798
14726,798
14727,798
14728,798
14729,798
14730,798
14731,798
14732,798
14748,798
14749,798
14750,798
14751,798
14752,798
14753,799
14754,799
14755,799
14756,799
14757,799
14758,799
14759,799
14760,799
14761,799
14762,799
14763,799
14764,799
14765,799
14766,799
14767,799
14768,799
14769,799
14772,800
14773,709
14774,709
14775,709
14776,709
14777,709
14778,709
14779,709
14780,709
14781,709
14782,709
14783,709
14784,709
14785,709
14786,709
14787,709
14788,709
14789,709
14790,709
14791,709
14792,709
14793,709
14794,709
14795,709
14796,709
14797,709
14798,709
14799,709
14800,709
14801,709
14806,709
14807,709
14808,709
14809,709
14810,709
14811,709
14812,709
14813,709
14814,709
14815,709
14816,709
14817,709
14818,709
14819,709
14820,709
14821,709
14822,709
14823,709
14824,709
14825,709
14826,709
14827,709
14828,709
14835,853
14836,854
15485,1054
15486,1054
15487,1055
15491,1055
15492,1055
15494,1056
15495,1056
15496,1056
15497,1056
15498,1056
15499,1056
15501,1055
15502,1055
15504,1055
15505,1055
15506,1055
15507,1055
15508,1055
15509,1055
15513,1055
15514,1055
15516,1055
15517,1055
15520,1055
15524,1055
15525,1055
15526,1055
15537,721
15538,722
15542,1055
15545,1055
15551,1055
15559,1055
15560,1055
15561,1055
15562,1055
15563,1055
15564,1055
15567,747
15573,724
15574,725
15575,726
15576,727
15577,728
15578,729
15579,730
15580,731
15581,732
15588,740
15589,740
15590,740
15591,740
15592,740
15593,740
15594,740
15595,747
15596,747
15597,747
15598,747
15599,747
15600,747
15601,747
15602,743
15603,743
15604,743
15605,744
15606,744
15607,744
15608,744
15609,744
15610,745
15611,745
15612,745
15613,745
15614,745
15615,745
15616,745
15622,746
15623,746
15624,746
15625,746
15626,746
15627,746
15628,746
15629,746
15630,746
15631,746
15632,746
15633,746
15634,746
15635,746
15636,746
15637,746
15638,746
15639,746
15640,746
15641,746
15642,746
15643,746
15644,746
15645,746
15646,746
15647,746
15648,746
15649,746
15650,746
15651,733
15652,734
15653,735
15658,736
15659,737
15723,1057
15724,1058
15729,1060
15730,1061
15735,1062
15736,1062
15748,1063
15749,1064
15750,1064
15751,1064
15752,1064
15753,1064
15754,1064
15755,1064
15756,1064
15757,1064
15759,1064
15763,1065
15764,1066
15790,743
15819,1079
15955,1059
15979,864
15980,865
15981,866
15982,867
15983,868
15984,869
15988,870
15989,871
15990,863
15991,872
15995,973
16023,974
16069,873
16070,874
16071,875
16072,876
16081,877
16091,878
16092,879
16093,880
16094,881
16095,882
16096,883
16097,884
16099,801
16129,840
16130,1036
16132,1035
16138,841
16139,841
16140,841
16142,841
16143,841
16148,885
16150,998
16151,998
16156,995
16157,995
16158,995
16159,995
16167,835
16168,835
16169,835
16170,886
16171,887
16172,888
16173,889
16174,890
16175,891
16176,892
16177,893
16178,894
16179,835
16180,835
16181,835
16182,835
16183,835
16184,835
16185,835
16203,836
16204,836
16205,836
16206,836
16207,836
16210,836
16211,836
16212,836
16213,836
16214,836
16215,836
16216,836
16217,836
16218,836
16219,836
16241,1014
16242,1014
16243,1014
16244,1014
16245,1014
16253,1014
16254,1014
16255,1014
16256,1014
16257,1014
16259,1014
16260,1014
16261,1014
16262,1014
16263,1014
16265,1014
16266,1014
16267,1014
16268,1014
16269,1014
16270,1014
16271,1014
16272,1014
16273,1014
16274,1014
16275,1014
16277,1019
16278,1019
16279,1019
16280,1019
16281,1019
16283,1018
16284,1018
16285,1018
16286,1018
16287,1018
16289,1017
16290,1017
16291,1017
16292,1017
16293,1017
16297,1013
16298,1013
16299,1013
16300,1013
16301,1013
16302,1013
16303,837
16304,837
16305,837
16306,837
16307,837
16308,837
16309,837
16310,837
16311,837
16312,837
16313,837
16314,837
16315,837
16316,837
16317,838
16318,838
16319,838
16320,838
16321,838
16322,838
16323,838
16329,831
16330,832
16331,832
16332,832
16333,832
16334,831
16335,834
16336,834
16337,834
16339,833
16340,833
16341,834
16342,833
16343,829
16344,829
16345,833
16346,829
16347,829
16348,829
16349,829
16354,828
16359,1021
16360,1020
16404,1032
16405,1032
16406,1022
16407,1033
16408,1022
16409,1023
16410,1023
16411,1023
16412,1024
16413,1024
16414,1024
16415,1026
16417,1027
16419,1030
16431,1031
16432,1031
16433,1031
16436,1028
16439,1027
16452,1020
16454,1020
16456,1020
16458,1020
16460,1020
16462,1020
16464,1020
16466,1020
16468,1020
16504,1027
16512,1029
16518,1027
16529,808
16530,808
16531,806
16532,806
16533,806
16534,806
16535,806
16536,806
16537,806
16538,806
16539,806
16540,806
16542,1034
16544,806
16545,806
16546,806
16547,1025
16548,1022
16549,1022
16550,1022
16551,1023
16618,1126
16629,815
16640,1038
16641,1038
16642,1038
16644,817
16645,817
16653,1120
16654,1120
16655,1120
16656,1122
16657,1120
16658,1120
16661,1120
16662,1120
16663,820
16667,1123
16668,1124
16688,839
17228,803
17231,849
17276,1128
17369,1127
17370,1128
17371,1128
17372,1128
17373,1128
17374,1128
17375,1128
17377,1128
17378,1128
17379,1128
17380,1128
17381,1129
17382,1128
17383,1128
17392,849
17429,1168
18734,849
19240,1130
19241,1130
19242,1130
19243,1130
19244,1130
19245,1130
19246,1130
19279,895
19280,896
19281,897
19283,898
19304,899
19305,900
19306,901
19321,902
19322,904
19323,905
19324,907
19325,909
19326,910
19332,1151
19333,1151
19334,1151
19339,912
19340,913
19341,914
19342,916
19343,918
19344,919
19347,920
19348,921
19349,924
20007,1076
20008,926
20009,932
20010,933
20011,935
20012,936
20013,937
20014,938
20015,940
20016,941
20018,942
20019,943
20020,944
20021,945
20022,948
20023,949
20024,950
20025,951
20026,952
20027,953
20029,954
20030,955
20031,956
20032,957
20033,958
20114,848
20115,848
20117,848
20118,848
20136,1120
20137,1120
20138,1120
20141,1120
20142,1120
20143,1120
20150,1120
20151,1120
20152,1120
20153,1120
20154,1120
20155,1120
20156,1120
20160,851
20161,851
20162,852
20163,852
20164,1120
20165,1120
20166,1120
20167,852
20168,852
20169,852
20170,852
20171,852
20173,1121
20174,1155
20175,1155
20176,1155
20177,1120
20178,1120
20179,1120
20180,852
20181,852
20182,852
20183,852
20184,852
20185,852
20186,852
20187,852
20192,852
20193,852
20194,852
20195,852
20196,852
20197,852
20203,917
20205,852
20206,852
20207,852
20208,852
20209,903
20210,903
20211,906
20212,908
20213,911
20243,1168
20244,1168
20245,1168
20246,1168
20247,1168
20248,1168
20249,1168
20250,1168
20251,1168
20252,1168
20253,1168
20254,1168
20255,1168
20256,1168
20257,1168
20258,1168
20259,1168
20260,1168
20261,1168
20262,1168
20263,1168
20264,1168
20265,1168
20266,1168
20267,1168
20268,1168
20269,1168
20270,1168
20271,1168
20292,959
20307,946
20308,946
20359,939
20362,915
20363,915
20364,915
20365,915
20366,922
20367,923
20370,925
20373,927
20374,927
20375,928
20379,929
20380,930
20383,947
20384,947
20385,947
20386,947
20387,947
20388,947
20389,947
20390,947
20391,947
20394,934
20395,934
20396,934
20397,934
20419,939
20420,939
20421,939
20422,939
20423,939
20424,939
20428,939
20429,939
20430,939
20431,939
20487,989
20488,989
20489,989
20490,989
20491,989
20492,989
20493,989
20518,975
20519,976
20520,977
20522,979
20527,981
20528,982
20538,980
20541,978
20546,983
20568,1003
20569,1003
20583,984
20617,1037
20618,1037
20619,1037
20620,1037
20621,1037
20623,1037
20624,1037
20625,1037
20626,1037
20627,1037
20629,1037
20630,1037
20631,1037
20632,1037
20633,1037
20635,1037
20636,1037
20637,1037
20638,1037
20639,1037
20703,985
20710,986
20753,1014
20759,1078
20760,1078
20761,1078
20777,1131
20778,1132
20779,1133
20780,1134
20781,1135
20782,1132
20783,1133
20784,1136
20785,1132
20786,1133
20787,1137
20788,1139
20789,1140
20790,1133
20791,1141
20792,1142
20793,1133
20794,1143
20795,1133
20796,1144
20797,1145
20798,1146
20799,1147
20800,1148
20801,1149
20802,1133
20803,1150
20804,1133
20805,1151
20806,1151
20807,1151
20808,1151
20809,1151
20810,1151
20811,1151
20812,1151
20813,1151
20814,1151
20815,1151
20816,1151
20945,1125
20946,1125
20993,1031
20994,1031
21038,1090
21952,1040
21953,1040
21956,1041
21957,1041
21958,1041
21959,1041
21960,1041
21961,1041
21962,1041
21963,1041
21964,1041
22064,1039
22065,1039
22066,1039
22067,1039
22068,1039
22069,1042
22080,1090
22110,1091
22112,1090
22122,1090
22124,1090
22131,1090
22133,1090
22170,1100
22171,1100
22173,1100
22174,1100
22176,1100
22177,1100
22198,1100
22199,1100
22201,1101
22202,1101
22203,1107
22419,1073
22478,1071
22479,1072
22507,1089
22539,1105
22540,1106
22541,1107
22542,1107
22543,1107
22587,1170
22590,1171
22594,1170
22595,1170
22596,1170
22597,1170
22598,1171
22599,1171
22600,1170
22601,1171
22602,1171
22603,1171
22605,1173
22606,1174
22615,1170
22616,1170
22617,1170
22635,1169
22636,1170
22637,1170
22638,1169
22639,1170
22640,1170
22649,1169
22650,1170
22651,1170
22662,1175
22663,1175
22664,1175
22665,1175
22666,1175
22667,1175
22668,1175
22669,1175
22670,1175
22672,1174
22673,1174
22674,1174
22675,1174
22676,1174
22677,1174
22678,1174
22679,1174
22680,1174
22681,1174
22682,1174
22684,1174
22693,1088
22707,1088
22708,1088
22730,1088
22753,1088
22768,1082
22808,1084
22809,1083
22810,1083
22811,1083
22812,1085
22813,1083
22814,1083
22815,1084
22816,1083
22817,1083
22818,1083
22819,1085
22820,1083
22821,1083
22822,1084
22823,1083
22824,1083
22825,1083
22826,1085
22827,1083
22828,1083
22829,1084
22830,1083
22831,1083
22832,1083
22833,1085
22834,1083
22835,1083
22836,1084
22837,1083
22838,1083
22839,1083
22840,1085
22841,1083
22842,1083
22854,1080
22855,1080
22856,1080
22857,1080
22858,1080
22859,1080
22860,1080
22861,1080
22862,1080
22863,1080
22864,1080
22865,1080
22866,1080
22867,1080
22868,1080
22869,1080
22870,1080
22871,1080
22872,1175
22874,1169
22875,1170
22876,1170
22879,1169
22880,1170
22881,1170
22882,1169
22883,1170
22884,1170
22987,1081
22988,1081
22989,1081
22990,1081
22991,1081
22992,1081
22993,1081
22994,1169
22995,1170
22996,1170
22997,1169
22998,1170
22999,1170
23000,1081
23001,1081
23002,1081
23003,1081
23004,1081
23005,1081
23006,1081
23007,1169
23008,1170
23009,1170
23010,1169
23011,1170
23012,1170
23013,1169
23014,1170
23015,1170
23016,1169
23017,1170
23018,1170
23019,1169
23020,1170
23021,1170
23022,1169
23023,1170
23024,1170
23025,1169
23026,1170
23027,1170
23028,1169
23029,1170
23030,1170
23031,1173
23032,1173
23033,1173
23034,1173
23035,1173
23053,1173
23054,1173
23055,1172
23056,1173
23057,1173
23058,1173
23059,1172
23060,1172
23061,1173
23062,1173
23063,1172
23064,1172
23065,1172
23066,1172
23067,1172
23069,1173
23070,1086
23071,1086
23072,1086
23073,1086
23074,1086
23075,1086
23076,1086
23077,1086
23078,1086
23079,1086
23080,1086
23081,1086
23082,1086
23083,1086
23084,1086
23085,1086
23086,1086
23087,1086
23088,1086
23089,1086
23090,1086
23091,1086
23092,1086
23093,1086
23094,1086
23095,1086
23096,1086
23097,1086
23098,1086
23099,1086
23100,1172
23101,1172
23102,1172
23103,1172
23104,1173
23105,1172
23106,1172
23107,1172
23108,1172
23109,1173
23110,1172
23111,1172
23112,1172
23113,1173
23115,1173
23116,1173
23117,1173
23118,1173
23119,1173
23120,1173
23121,1173
23122,1173
23123,1173
23179,1087
23180,1087
23181,1087
23182,1087
23183,1087
23184,1087
23185,1087
23186,1087
23187,1087
23188,1087
23189,1087
23354,1108
23355,1108
23356,1108
23357,1108
23358,1108
23359,1108
23360,1108
23361,1108
23362,1108
23363,1108
23364,1108
23372,1108
23373,1108
23374,1108
23383,1092
23384,1092
23385,1092
23390,1092
23391,1108
23392,1108
23393,1108
23394,1108
23395,1108
23396,1108
23397,1108
23398,1108
23399,1108
23400,1108
23401,1108
23402,1108
23403,1108
23404,1108
23405,1108
23406,1108
23407,1108
23408,1108
23409,1108
23433,1208
23443,1211
23444,1211
23455,1213
23456,1213
23457,1213
23458,1214
23459,1214
23460,1214
23461,1214
23462,1214
23463,1214
23464,1214
23465,1214
23466,1214
23467,1214
23468,1214
23469,1215
23470,1215
23471,1215
23472,1216
23473,1216
23474,1216
23475,1216
23476,1216
23477,1216
23478,1216
23479,1216
23480,1216
23481,1216
23482,1216
23483,1216
23484,1216
23485,1216
23486,1216
23487,1216
23488,1216
23489,1216
23490,1216
23491,1216
23492,1216
23493,1216
23494,1216
23495,1216
23496,1216
23497,1216
23498,1216
23499,1216
23500,1216
23501,1216
23502,1216
23503,1216
23504,1216
23505,1216
23506,1216
23507,1216
23508,1216
23509,1216
23510,1216
23511,1216
23512,1216
23513,1216
23514,1216
23515,1217
23516,1217
23517,1217
23518,1216
23519,1216
23520,1217
23521,1217
23522,1217
23523,1216
23524,1218
23525,1218
23526,1216
23527,1216
23528,1216
23530,1213
23531,1213
23532,1216
23533,1216
23537,1221
23538,1220
23539,1220
23540,1219
23541,1220
23542,1220
23543,1221
23544,1220
23545,1220
23549,1223
23550,1223
23551,1223
23552,1223
23553,1223
23554,1223
23555,1223
23556,1223
23557,1223
23558,1222
23559,1222
23560,1224
23563,1207
23564,1207
23565,1207
23566,1207
23567,1207
23568,1207
23569,1207
23570,1207
23571,1207
23572,1207
23573,1209
23574,1209
23575,1209
23576,1209
23577,1209
23579,1209
23580,1209
23581,1209
23582,1209
23586,1210
23587,1210
23588,1210
23595,1211
23596,1211
23597,1211
23598,1211
23599,1211
23600,1211
23601,1211
23602,1211
23603,1212
23604,1212
23605,1212
23606,1212
23607,1212
23608,1212
23609,1212
23610,1211
23611,1211
23612,1211
23613,1211
23614,1211
23615,1211
23616,1211
23617,1211
23618,1211
23619,1211
23620,1211
23621,1211
23622,1211
23623,1211
23624,1211
23625,1211
23626,1211
23627,1211
23628,1211
23629,1213
23630,1214
23639,1108
23640,1108
23641,1108
23642,1108
23643,1108
23644,1108
23645,1108
23646,1108
23647,1108
23648,1108
23649,1108
23650,1108
23651,1108
23652,1108
23653,1108
23654,1108
23655,1108
23656,1108
23657,1108
23658,1108
23659,1108
23660,1108
23661,1108
23662,1108
23663,1108
23664,1108
23665,1108
23666,1108
23667,1108
23669,1108
23670,1108
23671,1108
23672,1108
23673,1108
23674,1108
23675,1108
23676,1108
23677,1108
23678,1108
23679,1108
23680,1108
23681,1108
23682,1108
23683,1108
23684,1108
23685,1108
23686,1092
23687,1092
23688,1092
23689,1092
23690,1092
23691,1092
23692,1092
23693,1092
23694,1092
23695,1092
23696,1092
23697,1092
23698,1092
23701,1092
23702,1092
23703,1092
23704,1092
23705,1092
23706,1092
23707,1092
23708,1092
23709,1092
23710,1092
23711,1092
23712,1092
23713,1092
23714,1092
23715,1092
23716,1092
23717,1092
23718,1092
23719,1092
24944,1089
24950,1093
24951,1094
24952,1095
24954,1097
24955,1097
24956,1097
24957,1097
24958,1097
24959,1097
24961,1097
24962,1097
24963,1097
24966,1096
24967,1096
24968,1097
24969,1097
24970,1098
24971,1098
24972,1107
24973,1099
24974,1099
24975,1099
24976,1099
24980,1107
24981,1102
24982,1102
24983,1102
24984,1102
24985,1102
24986,1102
24987,1102
24991,1107
24992,1103
24993,1103
24994,1104
24995,1104
24996,1104
24997,1104
24998,1104
24999,1107
25000,1107
25001,1107
25002,1107
25007,1107
25011,1107
25012,1107
25013,1107
25014,1107
25016,1107
25017,1107
25018,1107
25019,1107
25020,1107
25021,1107
25022,1107
25023,1107
25024,1107
25027,1107
25028,1107
25029,1107
25030,1107
25031,1107
25032,1107
25033,1107
25034,1107
25035,1107
25036,1107
25070,1110
25071,1110
25072,1110
25073,1110
25074,1110
25075,1110
25076,1109
25077,1110
25078,1110
25079,1110
25080,1109
25081,1110
25082,1110
25083,1110
25084,1110
25085,1110
25086,1110
25087,1110
25088,1110
25089,1109
25090,1110
25091,1110
25092,1110
25093,1109
25094,1110
25095,1110
25096,1109
25181,1176
25194,1176
25203,1176
25210,1176
25237,1176
25241,1176
25242,1176
25245,1176
25246,1176
25263,1111
25268,1176
25270,1176
25273,1176
25449,1176
25601,1112
25602,1113
25603,1113
25604,1114
25605,1115
25606,1116
25607,1117
25608,1118
25609,1115
26111,1169
26112,1170
26113,1170
26114,1169
26115,1170
26116,1170
26117,1169
26118,1170
26119,1170
26120,1169
26121,1170
26122,1170
26123,1169
26124,1170
26125,1170
26126,1169
26127,1170
26128,1170
26129,1169
26130,1170
26131,1170
26132,1169
26133,1170
26134,1170
26135,1169
26136,1170
26137,1170
26138,1169
26139,1170
26140,1170
26141,1169
26142,1170
26143,1170
26144,1169
26145,1170
26146,1170
26147,1169
26148,1170
26149,1170
26150,1169
26151,1170
26152,1170
26153,1169
26154,1170
26155,1170
26156,1169
26157,1170
26158,1170
26159,1169
26160,1170
26161,1170
26162,1169
26163,1170
26164,1170
26191,1177
26192,1177
26223,1179
26225,1182
26226,1183
26228,1187
26246,1194
26247,1195
26249,1196
26270,1178
26273,1180
26274,1181
26275,1184
26276,1185
26277,1186
26278,1188
26279,1189
26280,1190
26285,1204
26286,1206
26296,1200
26297,1201
26298,1202
26303,1191
26304,1192
26305,1193
26322,1203
26328,1197
26342,1198
26343,1199
26346,1225
26347,1225
26348,1225
26349,1225
26350,1225
26354,1225
26355,1225
26356,1225
26357,1225
26358,1225
26359,1225
26360,1225
26361,1225
26362,1225
26363,1225
26366,1225
26367,1225
26371,1225
26373,1225
26374,1225
26375,1225
26376,1225
26377,1225
26378,1225
26379,1225
26380,1225
26381,1225
26382,1225
26403,1226
26404,1226
26405,1226
26409,1232
26410,1232
26411,1227
26412,1227
26413,1227
26414,1228
26415,1229
26416,1230
26417,1231
26418,1231
